{
    "users": [
        {
            "user": "ivajazz",
            "country": "Russia",
            "location": "Moscow"
        },
        {
            "user": "duny-explorer",
            "country": "Russia",
            "location": "Moscow"
        },
        {
            "user": "wittyicon29",
            "country": "India",
            "location": "Pune"
        },
        {
            "user": "Dropdead072",
            "country": "Russia",
            "location": "Moscow"
        },
        {
            "user": "EliAxcel",
            "country": "Russia",
            "location": "Moscow"
        },
        {
            "user": "2reckey",
            "country": "Russia",
            "location": "Moscow, Russian Federation"
        },
        {
            "user": "alexyalunin",
            "country": "Russia",
            "location": "Moscow, Russia"
        },
        {
            "user": "Gorynov37",
            "country": "Russia",
            "location": "Moscow"
        },
        {
            "user": "mdlakic",
            "country": "United States",
            "location": "Bozeman, MT USA"
        },
        {
            "user": "niklasdohmen",
            "country": "Germany",
            "location": "Berlin"
        },
        {
            "user": "rboyd",
            "country": "United States",
            "location": "Bentonville, AR"
        },
        {
            "user": "LIUQyou",
            "country": "Germany",
            "location": "Germany"
        },
        {
            "user": "Artamiana",
            "country": "Russia",
            "location": "Russia"
        },
        {
            "user": "Matt-Dinh",
            "country": "Vietnam",
            "location": "Vietnam"
        },
        {
            "user": "GetterGit",
            "country": "United Kingdom",
            "location": "London"
        },
        {
            "user": "dangnh0611",
            "country": "Vietnam",
            "location": "Ha Noi, Viet Nam"
        },
        {
            "user": "singhranjodh",
            "country": "India",
            "location": "India"
        },
        {
            "user": "jz263",
            "country": "United States",
            "location": "Durham, NC"
        },
        {
            "user": "lemuelemos",
            "country": "Brazil",
            "location": "Natal/RN"
        },
        {
            "user": "syaikhipin",
            "country": "Italy",
            "location": "Italy"
        },
        {
            "user": "suartDS",
            "country": "Russia",
            "location": "Moscow"
        },
        {
            "user": "AlexVasilev25",
            "country": "Russia",
            "location": "Moscow"
        },
        {
            "user": "kudralex",
            "country": "Russia",
            "location": "Kstovo"
        },
        {
            "user": "ChaoPeng13",
            "country": "China",
            "location": "china"
        },
        {
            "user": "thomascherickal",
            "country": "India",
            "location": "India"
        },
        {
            "user": "IvanPleshakov",
            "country": "Russia",
            "location": "Moscow"
        },
        {
            "user": "SnoweTiger",
            "country": "Russia",
            "location": "Saint-Petersburg, Russia"
        },
        {
            "user": "ChernichenkoStephan",
            "country": "Russia",
            "location": "Moscow"
        },
        {
            "user": "Radiationsafety",
            "country": "Russia",
            "location": "Russia, Moscow"
        },
        {
            "user": "perestoronin",
            "country": "France",
            "location": "France"
        },
        {
            "user": "QtRoS",
            "country": "Russia",
            "location": "\u0420\u043e\u0441\u0441\u0438\u044f"
        },
        {
            "user": "DarkPhoenix-777",
            "country": "Russia",
            "location": "Moscow"
        },
        {
            "user": "dev-rinchin",
            "country": "Russia",
            "location": "Moscow"
        },
        {
            "user": "pavel1shatalov",
            "country": "Russia",
            "location": "Moscow, Russia"
        },
        {
            "user": "Quakumei",
            "country": "Russia",
            "location": "Russian Federation"
        },
        {
            "user": "bukhanka",
            "country": "Russia",
            "location": "Moscow|Yekaterinburg"
        },
        {
            "user": "danil31219as",
            "country": "Russia",
            "location": "Saint Petersburg"
        },
        {
            "user": "capitulation",
            "country": "Turkey",
            "location": "Ankara, TURKEY"
        },
        {
            "user": "BboyHanat",
            "country": "Location not found",
            "location": "Futuring Robot Lab"
        },
        {
            "user": "GrigoriiTarasov",
            "country": "Armenia",
            "location": "Yerevan, Armenia"
        },
        {
            "user": "f901107",
            "country": "Location not found",
            "location": "Taiwan, R.O.C"
        },
        {
            "user": "kuznetsovn",
            "country": "Russia",
            "location": "Moscow, Russia"
        },
        {
            "user": "x2ss",
            "country": "China",
            "location": "Shanghai"
        },
        {
            "user": "bbardakk",
            "country": "Turkey",
            "location": "Ankara"
        },
        {
            "user": "Antondfger",
            "country": "Russia",
            "location": "Moscow"
        },
        {
            "user": "YuriyGavrilov",
            "country": "Russia",
            "location": "Russia"
        },
        {
            "user": "ILYAPROKOFEV101",
            "country": "Russia",
            "location": "Russia, Saint-Petersburg"
        },
        {
            "user": "dnn37",
            "country": "Russia",
            "location": "Moscow"
        },
        {
            "user": "siiyayu",
            "country": "Russia",
            "location": "Moscow"
        },
        {
            "user": "VorsinEO",
            "country": "Russia",
            "location": "Moscow"
        },
        {
            "user": "AugustVIII",
            "country": "Russia",
            "location": "Moscow, Russia"
        },
        {
            "user": "zaaabik",
            "country": "Georgia",
            "location": "Georgia, Tbilisi"
        },
        {
            "user": "Escape142",
            "country": "Russia",
            "location": "Moscow"
        },
        {
            "user": "morlov",
            "country": "Russia",
            "location": "Moscow, Russia"
        },
        {
            "user": "MaksKhan",
            "country": "Russia",
            "location": "Moscow, Russia"
        },
        {
            "user": "gaarutyunov",
            "country": "United Arab Emirates",
            "location": "United Arab Emirates"
        },
        {
            "user": "ZolotarevStat",
            "country": "Russia",
            "location": "Moscow, Russia"
        },
        {
            "user": "andu192",
            "country": "Russia",
            "location": "Moscow"
        },
        {
            "user": "Kulchanov",
            "country": "Kazakhstan",
            "location": "Nur-Sultan"
        },
        {
            "user": "MaximShalankin",
            "country": "Russia",
            "location": "Moscow"
        },
        {
            "user": "dedkoster",
            "country": "Russia",
            "location": "Moscow, Russia"
        },
        {
            "user": "krell11",
            "country": "Russia",
            "location": "Saint-Petersburg, Russia"
        },
        {
            "user": "Ivanich-spb",
            "country": "Russia",
            "location": "Russia"
        },
        {
            "user": "seruva19",
            "country": "Russia",
            "location": "St. Petersburg, Russia"
        },
        {
            "user": "grayskripko",
            "country": "Argentina",
            "location": "Buenos Aires, Argentina"
        },
        {
            "user": "karimovaSvetlana",
            "country": "Russia",
            "location": "Moscow, Russia"
        },
        {
            "user": "VasilievaKA",
            "country": "Russia",
            "location": "Moscow, Russia"
        },
        {
            "user": "AnnaZhimerikina",
            "country": "Russia",
            "location": "Moscow"
        },
        {
            "user": "rus-ad",
            "country": "Russia",
            "location": "Novosibirsk"
        },
        {
            "user": "samezarus",
            "country": "Russia",
            "location": "Russia, Vladivostok"
        },
        {
            "user": "dmitriysa",
            "country": "Ukraine",
            "location": "Ukraine, Kyiv"
        },
        {
            "user": "Mikola35",
            "country": "Russia",
            "location": "Russia"
        },
        {
            "user": "bintocher",
            "country": "Russia",
            "location": "Russia"
        },
        {
            "user": "maxim-popkov",
            "country": "Russia",
            "location": "Russia, Moscow"
        },
        {
            "user": "erdenirf",
            "country": "Russia",
            "location": "Moscow, Russia"
        },
        {
            "user": "vladbesson",
            "country": "Russia",
            "location": "\u0420\u043e\u0441\u0441\u0438\u044f"
        },
        {
            "user": "filonenkoa",
            "country": "Spain",
            "location": "World"
        },
        {
            "user": "Suenynis",
            "country": "Kazakhstan",
            "location": "Nur-Sultan"
        },
        {
            "user": "Snake-G",
            "country": "Russia",
            "location": "Krasnodar"
        },
        {
            "user": "iamwavecut",
            "country": "Poland",
            "location": "Krakow, Poland"
        },
        {
            "user": "puhsu",
            "country": "Russia",
            "location": "Moscow, Russia"
        },
        {
            "user": "BuchaCyrill",
            "country": "Belarus",
            "location": "Minsk"
        },
        {
            "user": "SpecialPy",
            "country": "Russia",
            "location": "Moscow"
        },
        {
            "user": "FTursunboy",
            "country": "Tajikistan",
            "location": "Khujand"
        },
        {
            "user": "EvilFreelancer",
            "country": "Russia",
            "location": "Moscow"
        },
        {
            "user": "akalend",
            "country": "Russia",
            "location": "Saint-Petersburg Russia"
        },
        {
            "user": "romanroff",
            "country": "Russia",
            "location": "Saint-Petersburg"
        },
        {
            "user": "oav711",
            "country": "Russia",
            "location": "Rostov region, Russia"
        },
        {
            "user": "Arseny5",
            "country": "Russia",
            "location": "Moscow, Russia"
        },
        {
            "user": "geoscientist",
            "country": "Russia",
            "location": "Russia"
        },
        {
            "user": "Anaxagor",
            "country": "Russia",
            "location": "Saint-Petersburg"
        },
        {
            "user": "johnsmith3000",
            "country": "Tanzania",
            "location": "Dar es Salaam"
        },
        {
            "user": "LiceyMaxim",
            "country": "Russia",
            "location": "St. Petersburg"
        },
        {
            "user": "statist-bhfz",
            "country": "Ukraine",
            "location": "Kiev"
        },
        {
            "user": "mmkuznecov",
            "country": "Russia",
            "location": "Moscow"
        },
        {
            "user": "alex-utk",
            "country": "Russia",
            "location": "St. Petersburg"
        },
        {
            "user": "futorio",
            "country": "Kazakhstan",
            "location": "Kazakhstan"
        },
        {
            "user": "tomarovsky",
            "country": "Russia",
            "location": "Saint-Petersburg, Russia"
        },
        {
            "user": "NikitaMalakhov",
            "country": "Russia",
            "location": "Moscow"
        },
        {
            "user": "satankov",
            "country": "Russia",
            "location": "Moscow"
        },
        {
            "user": "hcji",
            "country": "China",
            "location": "Shenzhen, China"
        },
        {
            "user": "cosheimil",
            "country": "Russia",
            "location": "Moscow"
        },
        {
            "user": "aPovidlo",
            "country": "Russia",
            "location": "Russia, Saint-Petersburg"
        },
        {
            "user": "samvelkoch",
            "country": "Hungary",
            "location": "EU, Budapest, Hungary"
        },
        {
            "user": "Rustemhak",
            "country": "Russia",
            "location": "Kazan"
        },
        {
            "user": "suuurfinbird",
            "country": "Russia",
            "location": "Moscow"
        },
        {
            "user": "akatsnelson",
            "country": "Russia",
            "location": "Moscow "
        },
        {
            "user": "bobo-jamson",
            "country": "United States",
            "location": "TX"
        },
        {
            "user": "ssenichev",
            "country": "Russia",
            "location": "Saint-Petersburg"
        },
        {
            "user": "dionescu",
            "country": "United States",
            "location": "Boston"
        },
        {
            "user": "faithk7",
            "country": "United States",
            "location": "@Boston"
        },
        {
            "user": "feelingcxld",
            "country": "Russia",
            "location": "Moscow"
        },
        {
            "user": "hitesh-ag1",
            "country": "Singapore",
            "location": "Singapore"
        },
        {
            "user": "mdabros",
            "country": "Denmark",
            "location": "Copenhagen, Denmark"
        },
        {
            "user": "helios12",
            "country": "Germany",
            "location": "Germany"
        },
        {
            "user": "Ultraluxe25",
            "country": "Belarus",
            "location": "Minsk"
        },
        {
            "user": "OmgiKikov",
            "country": "United Kingdom",
            "location": "Worldwide"
        },
        {
            "user": "uenotakato",
            "country": "Japan",
            "location": "Hikone, Shiga"
        },
        {
            "user": "ArtemTsukanov",
            "country": "Russia",
            "location": "Russia, Moscow"
        },
        {
            "user": "garotar",
            "country": "Russia",
            "location": "Moscow"
        },
        {
            "user": "budennovsk",
            "country": "Russia",
            "location": "Stavropol"
        },
        {
            "user": "dimabendera",
            "country": "Ukraine",
            "location": "Ukraine"
        },
        {
            "user": "passive-radio",
            "country": "Japan",
            "location": "Nagoya Japan"
        },
        {
            "user": "xxllp",
            "country": "China",
            "location": "hefei"
        },
        {
            "user": "yydxlv",
            "country": "China",
            "location": "BeiJing"
        },
        {
            "user": "Jizhongpeng",
            "country": "China",
            "location": "Shanghai"
        },
        {
            "user": "mculab64",
            "country": "Russia",
            "location": "Russia, Saratov"
        },
        {
            "user": "WestedCrean",
            "country": "Poland",
            "location": "Poland"
        },
        {
            "user": "davhbrown",
            "country": "United States",
            "location": "Austin, TX"
        },
        {
            "user": "AsakoKabe",
            "country": "Russia",
            "location": "Russia"
        },
        {
            "user": "GoldenHentai",
            "country": "Vietnam",
            "location": "Vietnam"
        },
        {
            "user": "tymbaca",
            "country": "Russia",
            "location": "Kaliningrad, Russia"
        },
        {
            "user": "hibana2077",
            "country": "Taiwan",
            "location": "Taiwan"
        },
        {
            "user": "Harry040",
            "country": "China",
            "location": "@Beijing"
        },
        {
            "user": "vladimirsvsv77",
            "country": "United States",
            "location": "San Francisco"
        },
        {
            "user": "JuseTiZ",
            "country": "China",
            "location": "China"
        },
        {
            "user": "yutakasawai",
            "country": "Japan",
            "location": "Tokyo"
        },
        {
            "user": "ArturArtikov",
            "country": "Russia",
            "location": "Russia"
        },
        {
            "user": "berutodo",
            "country": "Brazil",
            "location": "Fortaleza"
        },
        {
            "user": "ozymand1a",
            "country": "Russia",
            "location": "Moscow"
        },
        {
            "user": "dimleve",
            "country": "Greece",
            "location": "Athens Greece"
        },
        {
            "user": "M0nteCarl0",
            "country": "Location not found",
            "location": "Error: Unable to resolve"
        },
        {
            "user": "beltran99",
            "country": "Austria",
            "location": "Graz, Austria"
        },
        {
            "user": "aerofeev",
            "country": "Spain",
            "location": "Barcelona"
        },
        {
            "user": "likeai22",
            "country": "United States",
            "location": "Earth"
        },
        {
            "user": "susie-ku",
            "country": "Russia",
            "location": "Moscow"
        },
        {
            "user": "nastyashandrokha",
            "country": "Russia",
            "location": "Saint-Petersburg"
        },
        {
            "user": "SuperSashka",
            "country": "Thailand",
            "location": "SPb"
        },
        {
            "user": "Kaizer22",
            "country": "United States",
            "location": "Earth"
        },
        {
            "user": "buzaev-fedor",
            "country": "Russia",
            "location": "Moscow"
        },
        {
            "user": "Giminosk",
            "country": "Poland",
            "location": "Poland"
        },
        {
            "user": "AlexRogalskiy",
            "country": "Russia",
            "location": "Saint-Petersburg"
        },
        {
            "user": "godkingjay",
            "country": "Philippines",
            "location": "Philippines"
        },
        {
            "user": "almenea",
            "country": "Saudi Arabia",
            "location": "Riyadh - SA"
        },
        {
            "user": "vfkuda",
            "country": "Location not found",
            "location": "Russia, GMT+11:00"
        },
        {
            "user": "DaniilAnd",
            "country": "Location not found",
            "location": "Vyksa, Russian"
        },
        {
            "user": "abdullinilgiz",
            "country": "Russia",
            "location": "Ufa"
        },
        {
            "user": "Egelvein",
            "country": "Russia",
            "location": "Saint Petersburg"
        },
        {
            "user": "veeragoni",
            "country": "United States",
            "location": "Seattle"
        },
        {
            "user": "rafferti95",
            "country": "Russia",
            "location": "Moscow"
        },
        {
            "user": "kevinzhang0000",
            "country": "Australia",
            "location": "Sydney"
        },
        {
            "user": "DaEtoJostka",
            "country": "Russia",
            "location": "Tomsk"
        },
        {
            "user": "kogriv",
            "country": "Russia",
            "location": "Russia"
        },
        {
            "user": "abnegantes",
            "country": "Russia",
            "location": "Moscow"
        },
        {
            "user": "savvadesogle",
            "country": "Tanzania",
            "location": "Ngorongoro "
        },
        {
            "user": "ubranch",
            "country": "United States",
            "location": "California, USA"
        },
        {
            "user": "philipkopylov",
            "country": "Slovenia",
            "location": "Slovenia, Ljubljana"
        },
        {
            "user": "TiroBite",
            "country": "Russia",
            "location": "Kazan'"
        },
        {
            "user": "kujamara",
            "country": "Austria",
            "location": "Kapfenberg"
        },
        {
            "user": "kstroevsky",
            "country": "Ukraine",
            "location": "Odesa, Ukraine"
        },
        {
            "user": "GoshaLetov",
            "country": "Russia",
            "location": "Russia, Moscow"
        },
        {
            "user": "astromid",
            "country": "Russia",
            "location": "Moscow"
        },
        {
            "user": "bvp",
            "country": "Russia",
            "location": "Russia, Yaroslavl'"
        },
        {
            "user": "Good-PJ",
            "country": "Location not found",
            "location": "Now in Turkey"
        },
        {
            "user": "MaximZhambalov",
            "country": "Russia",
            "location": "Russia"
        },
        {
            "user": "MorozovOV",
            "country": "Location not found",
            "location": "\u0433. \u042d\u043d\u0433\u0435\u043b\u044c\u0441 \u0421\u0430\u0440\u0430\u0442\u043e\u0432\u0441\u043a\u043e\u0439 \u043e\u0431\u043b."
        },
        {
            "user": "hazirliver",
            "country": "Armenia",
            "location": "Armenia, Yerevan"
        },
        {
            "user": "AIST54",
            "country": "Russia",
            "location": "Yaroslavl"
        },
        {
            "user": "ArtemVeshkin",
            "country": "Russia",
            "location": "Moscow, Russia"
        },
        {
            "user": "alexanderpanchenko",
            "country": "Germany",
            "location": "Hamburg, Germany"
        },
        {
            "user": "TelichkoLyudmila",
            "country": "Serbia",
            "location": "Serbia"
        },
        {
            "user": "oanya200",
            "country": "Russia",
            "location": "Moscow, Russia"
        },
        {
            "user": "ArtemKutushev",
            "country": "Russia",
            "location": "\u041c\u043e\u0441\u043a\u0432\u0430"
        },
        {
            "user": "AlexandrBorisov1",
            "country": "Russia",
            "location": "Russia"
        },
        {
            "user": "avv1369it",
            "country": "Russia",
            "location": "Moscow"
        },
        {
            "user": "MesS1982",
            "country": "Russia",
            "location": "Ekaterinburg"
        },
        {
            "user": "binhna",
            "country": "Vietnam",
            "location": "Vietnam"
        },
        {
            "user": "suchkow",
            "country": "Russia",
            "location": "Moscow, Russia"
        },
        {
            "user": "Gala6585",
            "country": "Russia",
            "location": "Russia, Moscow"
        },
        {
            "user": "turdakov",
            "country": "Russia",
            "location": "Moscow, Russia"
        },
        {
            "user": "vladiq113",
            "country": "Russia",
            "location": "Russia"
        },
        {
            "user": "banzarkhan",
            "country": "Italy",
            "location": "Italy"
        },
        {
            "user": "SergeNarhi",
            "country": "Turkey",
            "location": "Ankara"
        },
        {
            "user": "IlyaTrofimov",
            "country": "Russia",
            "location": "Moscow"
        },
        {
            "user": "Anna-Zaitseva",
            "country": "Russia",
            "location": "Moscow"
        },
        {
            "user": "ianchute",
            "country": "United States",
            "location": "San Diego, CA"
        },
        {
            "user": "graviada",
            "country": "Russia",
            "location": "Moscow"
        },
        {
            "user": "KarpovGm",
            "country": "Germany",
            "location": "Berlin"
        },
        {
            "user": "AlexGushchin",
            "country": "Russia",
            "location": "Russia"
        },
        {
            "user": "tsebaka",
            "country": "Russia",
            "location": "Russia, Vladikavkaz - Moscow"
        },
        {
            "user": "ismorphism",
            "country": "Location not found",
            "location": "The Universe, Local group, Milky Way, Solar system, Earth"
        },
        {
            "user": "EkaterinaArsa",
            "country": "Russia",
            "location": "Russia, Saransk"
        },
        {
            "user": "onukura",
            "country": "United States",
            "location": "Mountain"
        },
        {
            "user": "efdiloreto",
            "country": "United States",
            "location": "Orlando, Florida"
        },
        {
            "user": "LanSaid",
            "country": "Russia",
            "location": "Ekaterinburg, Russia"
        },
        {
            "user": "monolidth",
            "country": "Germany",
            "location": "In Germany"
        },
        {
            "user": "camillanapoles",
            "country": "Brazil",
            "location": "Recife-PE"
        },
        {
            "user": "micaelofficial",
            "country": "China",
            "location": "Guangzhou, China"
        },
        {
            "user": "PapylevMN",
            "country": "Russia",
            "location": "Arkhangelsk"
        },
        {
            "user": "abodrij",
            "country": "Latvia",
            "location": "Riga, Latvija"
        },
        {
            "user": "OlgaUman",
            "country": "Russia",
            "location": "Russia"
        },
        {
            "user": "timur-ds",
            "country": "Lithuania",
            "location": "Lithuania"
        },
        {
            "user": "jihoo-kim",
            "country": "South Korea",
            "location": "Seoul, Korea"
        },
        {
            "user": "dubovikmaster",
            "country": "Poland",
            "location": "Warsaw"
        },
        {
            "user": "kamilc",
            "country": "Poland",
            "location": "Poland"
        },
        {
            "user": "VladkoBorziy",
            "country": "Russia",
            "location": "Russia, Krasnodar region, Kropotkin"
        },
        {
            "user": "filipsPL",
            "country": "Poland",
            "location": "Warsaw, Poland"
        },
        {
            "user": "ds-wook",
            "country": "South Korea",
            "location": "Seoul, South Korea"
        },
        {
            "user": "AlinaBekmukha",
            "country": "Australia",
            "location": "Sydney, Australia"
        },
        {
            "user": "altergifted",
            "country": "Vietnam",
            "location": "Ho Chi Minh City, Vietnam"
        },
        {
            "user": "irina-2612",
            "country": "Russia",
            "location": "\u0420\u043e\u0441\u0441\u0438\u044f"
        },
        {
            "user": "Karlheinzniebuhr",
            "country": "Paraguay",
            "location": "Paraguay"
        },
        {
            "user": "flamby",
            "country": "France",
            "location": "Paris"
        },
        {
            "user": "IAskarov",
            "country": "Russia",
            "location": "Russia"
        },
        {
            "user": "TheBits",
            "country": "Russia",
            "location": "Moscow, Russia"
        },
        {
            "user": "Ynakatsuka",
            "country": "Japan",
            "location": "Osaka"
        },
        {
            "user": "JeffCarpenter",
            "country": "Canada",
            "location": "Canada"
        },
        {
            "user": "kornkutan",
            "country": "Thailand",
            "location": "Bangkok, Thailand"
        },
        {
            "user": "YangTuanAnh",
            "country": "Vietnam",
            "location": "Ho Chi Minh City, Vietnam"
        },
        {
            "user": "anilkumarpanda",
            "country": "Netherlands",
            "location": "Amsterdam"
        },
        {
            "user": "Nokachishikime",
            "country": "Russia",
            "location": "Moscow"
        },
        {
            "user": "ksetdekov",
            "country": "Russia",
            "location": "Moscow"
        },
        {
            "user": "dexforint",
            "country": "United States",
            "location": "USA"
        },
        {
            "user": "DarthSirius",
            "country": "Russia",
            "location": "Saint-Petersburg"
        },
        {
            "user": "rprilepskiy",
            "country": "Russia",
            "location": "Moscow"
        },
        {
            "user": "JihoChoi",
            "country": "South Korea",
            "location": "Seoul, South Korea"
        },
        {
            "user": "Moodrammer",
            "country": "Egypt",
            "location": "Egypt"
        },
        {
            "user": "defshift",
            "country": "Slovakia",
            "location": "Bratislava, Slovakia"
        },
        {
            "user": "ovyan",
            "country": "Saint Kitts and Nevis",
            "location": "St Kitts"
        },
        {
            "user": "Qovaxx",
            "country": "Russia",
            "location": "Moscow"
        },
        {
            "user": "Jaw22",
            "country": "South Africa",
            "location": "Johannesburg"
        },
        {
            "user": "AndreiDS63",
            "country": "Russia",
            "location": "Samara"
        },
        {
            "user": "wiguider",
            "country": "Italy",
            "location": "Monza, Italy"
        },
        {
            "user": "alxndrkalinin",
            "country": "United States",
            "location": "Cambridge, MA"
        },
        {
            "user": "eli-ma",
            "country": "Russia",
            "location": "Saint-Petersburg"
        },
        {
            "user": "JoseCaliz",
            "country": "Colombia",
            "location": "Colombia"
        },
        {
            "user": "Mensyne",
            "country": "China",
            "location": "shanghai"
        },
        {
            "user": "seungjungjin-pf",
            "country": "South Korea",
            "location": "Seoul"
        },
        {
            "user": "slagovskiy",
            "country": "Russia",
            "location": "Russia, Novosibirsk"
        },
        {
            "user": "pulkitmehtawork",
            "country": "India",
            "location": "Jaipur , India"
        },
        {
            "user": "kiraplenkin",
            "country": "Russia",
            "location": "Moscow"
        },
        {
            "user": "alimbekovKZ",
            "country": "Kazakhstan",
            "location": "Almaty"
        },
        {
            "user": "krosnt",
            "country": "Russia",
            "location": "Moscow"
        },
        {
            "user": "ZhanarBaken",
            "country": "Kazakhstan",
            "location": "Kazakhstan "
        },
        {
            "user": "deadsoul44",
            "country": "Turkey",
            "location": "Turkey"
        },
        {
            "user": "ruslansblv",
            "country": "Russia",
            "location": "Russia"
        },
        {
            "user": "tikhomirovd",
            "country": "Russia",
            "location": "Moscow, Russia"
        },
        {
            "user": "maloyan",
            "country": "Armenia",
            "location": "Yerevan"
        },
        {
            "user": "hoittoken",
            "country": "Russia",
            "location": "Norilsk"
        },
        {
            "user": "AntiMika1388",
            "country": "Russia",
            "location": "Tomsk"
        },
        {
            "user": "Sphexxx",
            "country": "Russia",
            "location": "Russia, Kazan"
        },
        {
            "user": "grosa1",
            "country": "Italy",
            "location": "Italy"
        },
        {
            "user": "IINemo",
            "country": "United Arab Emirates",
            "location": "United Arab Emirates"
        },
        {
            "user": "oseledets",
            "country": "Russia",
            "location": "\u0420\u043e\u0441\u0441\u0438\u044f"
        },
        {
            "user": "vpozdnyakov",
            "country": "Russia",
            "location": "Moscow, Russia"
        },
        {
            "user": "MacJei",
            "country": "Georgia",
            "location": "Georgia"
        },
        {
            "user": "kirrya95",
            "country": "Kazakhstan",
            "location": "web3"
        },
        {
            "user": "ryfeus",
            "country": "United States",
            "location": "Bay Area"
        },
        {
            "user": "voskresenskiianton",
            "country": "Saudi Arabia",
            "location": "Saudi Arabia"
        },
        {
            "user": "ss52",
            "country": "Russia",
            "location": "St. Petersburg"
        },
        {
            "user": "yanchick",
            "country": "Russia",
            "location": "Chelyabinsk, Russia"
        },
        {
            "user": "Anenmi",
            "country": "Russia",
            "location": "Russia"
        },
        {
            "user": "ArtificialZeng",
            "country": "China",
            "location": "Beijing"
        },
        {
            "user": "blinov-89",
            "country": "Russia",
            "location": "Russia"
        },
        {
            "user": "smetam",
            "country": "Netherlands",
            "location": "Amsterdam"
        },
        {
            "user": "Irina-Pavlova",
            "country": "Russia",
            "location": "Voronezh Russia"
        },
        {
            "user": "samuelrince",
            "country": "France",
            "location": "Paris"
        },
        {
            "user": "susnato",
            "country": "India",
            "location": "Kolkata, India"
        },
        {
            "user": "exelero565",
            "country": "Russia",
            "location": "Tambov"
        },
        {
            "user": "se4en",
            "country": "Russia",
            "location": "Russia, Moscow"
        },
        {
            "user": "Sdoof",
            "country": "Canada",
            "location": "Montreal"
        },
        {
            "user": "tvbat",
            "country": "Russia",
            "location": "Novosibirsk, Russia"
        },
        {
            "user": "Raoufmamedov",
            "country": "Russia",
            "location": "Moscow"
        },
        {
            "user": "tgkolesnikova",
            "country": "Russia",
            "location": "Kemerovo, Siberia, Russia."
        },
        {
            "user": "evgenpch",
            "country": "Russia",
            "location": "Tomsk, Russia"
        },
        {
            "user": "nutritiouss",
            "country": "Russia",
            "location": "St. Petersburg"
        },
        {
            "user": "frankfanslc",
            "country": "United States",
            "location": "Salt Lake City, UT"
        },
        {
            "user": "mavillan",
            "country": "Chile",
            "location": "Valpara\u00edso"
        },
        {
            "user": "EvgeniyPlatonov",
            "country": "Russia",
            "location": "Moscow"
        },
        {
            "user": "pythoncodeAshisH",
            "country": "India",
            "location": "Pune"
        },
        {
            "user": "alsouyamilova",
            "country": "Russia",
            "location": "Saint Petersburg, Russia"
        },
        {
            "user": "aggrigorenko",
            "country": "Russia",
            "location": "\u0420\u043e\u0441\u0441\u0438\u044f"
        },
        {
            "user": "MargoDS",
            "country": "Russia",
            "location": "Novosibirsk"
        },
        {
            "user": "NikolayPavlychev",
            "country": "Russia",
            "location": "Moscow"
        },
        {
            "user": "pardeep-singh",
            "country": "United States",
            "location": "Remote"
        },
        {
            "user": "cheng-zi-ya",
            "country": "China",
            "location": "Beijing, China"
        },
        {
            "user": "sml8648",
            "country": "South Korea",
            "location": "Seoul"
        },
        {
            "user": "NataeSz",
            "country": "Poland",
            "location": "Warsaw"
        },
        {
            "user": "MikhailKuz",
            "country": "Russia",
            "location": "Russia, Moscow"
        },
        {
            "user": "LaxmanSinghTomar",
            "country": "India",
            "location": "Bangalore, India"
        },
        {
            "user": "leassis91",
            "country": "Brazil",
            "location": "Rio de Janeiro, Brazil"
        },
        {
            "user": "countifs",
            "country": "South Korea",
            "location": "South Korea"
        },
        {
            "user": "Deezzir",
            "country": "Location not found",
            "location": "Toronto, Canada, ON"
        },
        {
            "user": "ngc436",
            "country": "Russia",
            "location": "Saint-Petersburg"
        },
        {
            "user": "chaoyue729",
            "country": "China",
            "location": "hangzhou\uff0c zhejiang"
        },
        {
            "user": "Demontego",
            "country": "Russia",
            "location": "Moscow"
        },
        {
            "user": "tibhar940",
            "country": "Russia",
            "location": "Moscow"
        },
        {
            "user": "Rexhaif",
            "country": "Germany",
            "location": "Germany"
        },
        {
            "user": "kinkpunk",
            "country": "Lithuania",
            "location": "Polesie"
        },
        {
            "user": "yaiestura",
            "country": "Russia",
            "location": "Russia"
        },
        {
            "user": "AlexeyOlkhovikov",
            "country": "Russia",
            "location": "Moscow"
        },
        {
            "user": "cgallegoan",
            "country": "Spain",
            "location": "Torrent"
        },
        {
            "user": "ddelange",
            "country": "Germany",
            "location": "Digital Nomad"
        },
        {
            "user": "nikitavoloboev",
            "country": "Georgia",
            "location": "Tbilisi"
        },
        {
            "user": "dayyass",
            "country": "United Arab Emirates",
            "location": "Dubai, UAE"
        },
        {
            "user": "varsey",
            "country": "United States",
            "location": "Remote"
        },
        {
            "user": "parusss",
            "country": "Russia",
            "location": "Moscow"
        },
        {
            "user": "fly51fly",
            "country": "China",
            "location": "BeiJing"
        },
        {
            "user": "vlatynski",
            "country": "Andorra",
            "location": "Escaldes-Engordany"
        },
        {
            "user": "Myonin",
            "country": "Russia",
            "location": "Russia, Bryansk"
        },
        {
            "user": "santiagomota",
            "country": "Philippines",
            "location": "Madrid (Spain)"
        },
        {
            "user": "Bombardier2000",
            "country": "Russia",
            "location": "Moscow, Russia"
        },
        {
            "user": "achuthasubhash",
            "country": "India",
            "location": "GUNTUR , INDIA"
        },
        {
            "user": "roma-goodok",
            "country": "Russia",
            "location": "Moscow"
        },
        {
            "user": "kryvokhyzha",
            "country": "Ukraine",
            "location": "Kyiv, Ukraine"
        },
        {
            "user": "nicl-nno",
            "country": "Russia",
            "location": "Saint-Petersburg, Russia"
        },
        {
            "user": "IFShirokikh",
            "country": "Russia",
            "location": "Moscow"
        },
        {
            "user": "yantonov",
            "country": "Location not found",
            "location": "The Milky Way galaxy"
        },
        {
            "user": "Veretion",
            "country": "Russia",
            "location": "Russia"
        },
        {
            "user": "f3ss1",
            "country": "Germany",
            "location": "Goettingen, Germany"
        },
        {
            "user": "andrewsonin",
            "country": "United Arab Emirates",
            "location": "Dubai"
        },
        {
            "user": "Dekoz3",
            "country": "Russia",
            "location": "Russia"
        },
        {
            "user": "mmhamdy",
            "country": "Egypt",
            "location": "Cairo, Egypt"
        },
        {
            "user": "Yvictor",
            "country": "Taiwan",
            "location": "Taiwan"
        },
        {
            "user": "AndreyBertasini",
            "country": "Italy",
            "location": "MILANO"
        },
        {
            "user": "lnfin",
            "country": "United Arab Emirates",
            "location": "Dubai"
        },
        {
            "user": "KirillVladimirov",
            "country": "Russia",
            "location": "Russia, Moscow"
        },
        {
            "user": "DrDPhD-ops",
            "country": "Russia",
            "location": "Moscow"
        },
        {
            "user": "Nadarsa",
            "country": "Russia",
            "location": "Moscow, Russia"
        },
        {
            "user": "SergeevVladislav",
            "country": "Russia",
            "location": "Moscow"
        },
        {
            "user": "NovikovaEA",
            "country": "Russia",
            "location": "Moscow"
        },
        {
            "user": "DavidRomanovizc",
            "country": "Russia",
            "location": "Russian Federation"
        },
        {
            "user": "forcesh",
            "country": "Russia",
            "location": "Russia, Moscow"
        },
        {
            "user": "WhoKnowsWhoCares",
            "country": "Russia",
            "location": "Russia, Moscow"
        },
        {
            "user": "olpachino",
            "country": "Russia",
            "location": "Krasnodar"
        },
        {
            "user": "prog815",
            "country": "Russia",
            "location": "\u041e\u0440\u0435\u043d\u0431\u0443\u0440\u0433"
        },
        {
            "user": "valeman",
            "country": "United Kingdom",
            "location": "London, UK"
        },
        {
            "user": "Dreamlone",
            "country": "Finland",
            "location": "Helsinki"
        },
        {
            "user": "bond005",
            "country": "Russia",
            "location": "Novosibirsk, Russia"
        },
        {
            "user": "AndreyMoysenko",
            "country": "Russia",
            "location": "Moscow, Russia"
        }
    ]
}